#,Name,Login ID,Password,Role,Department
1,Arun Kumar,arun.kumar@stu.com,arun.kumar@123,student,Data Analytics
2,Priya S,priya.s@stu.com,priya.s@123,student,Data Analytics
3,Karthik R,karthik.r@stu.com,karthik.r@123,student,Data Analytics
4,Divya M,divya.m@stu.com,divya.m@123,student,Data Analytics
5,Naveen P,naveen.p@stu.com,naveen.p@123,student,Data Analytics
6,Anitha Devi,anitha.devi@stu.com,anitha.devi@123,student,Data Analytics
7,Rahul Krishnan,rahul.krishnan@stu.com,rahul.krishnan@123,student,Data Analytics
8,Keerthana R,keerthana.r@stu.com,keerthana.r@123,student,Data Analytics
9,Vignesh K,vignesh.k@stu.com,vignesh.k@123,student,Data Analytics
10,Swetha M,swetha.m@stu.com,swetha.m@123,student,Data Analytics
11,Dr. Priya,dr.priya@fac.com,dr.priya@fac_77,faculty,Data Analytics
12,Priya Devi,priya.devi@fac.com,priya.devi@fac_77,faculty,Data Analytics
13,Rajesh Kumar,rajesh.kumar@fac.com,rajesh.kumar@fac_77,faculty,Data Analytics
14,Suresh Babu,suresh.babu@fac.com,suresh.babu@fac_77,faculty,Data Analytics
15,Dr. Anand Kumar,dr.anand.kumar@hod.com,dr.anand.kumar@hod_55,hod,Data Analytics
16,Sanjay Kumar,sanjay.kumar@stu.com,sanjay.kumar@123,student,Computer Science
17,Harini S,harini.s@stu.com,harini.s@123,student,Computer Science
18,Dinesh R,dinesh.r@stu.com,dinesh.r@123,student,Computer Science
19,Pavithra M,pavithra.m@stu.com,pavithra.m@123,student,Computer Science
20,Manoj P,manoj.p@stu.com,manoj.p@123,student,Computer Science
21,Aishwarya Devi,aishwarya.devi@stu.com,aishwarya.devi@123,student,Computer Science
22,Surya Krishnan,surya.krishnan@stu.com,surya.krishnan@123,student,Computer Science
23,Nithya R,nithya.r@stu.com,nithya.r@123,student,Computer Science
24,Gokul K,gokul.k@stu.com,gokul.k@123,student,Computer Science
25,Deepika M,deepika.m@stu.com,deepika.m@123,student,Computer Science
26,Meena Krishnan,meena.krishnan@fac.com,meena.krishnan@fac_77,faculty,Computer Science
27,Arun Prakash,arun.prakash@fac.com,arun.prakash@fac_77,faculty,Computer Science
28,Divya S,divya.s@fac.com,divya.s@fac_77,faculty,Computer Science
29,Karthik Raj,karthik.raj@fac.com,karthik.raj@fac_77,faculty,Computer Science
30,Dr. Priya Menon,dr.priya.menon@hod.com,dr.priya.menon@hod_55,hod,Computer Science
31,Prakash Kumar,prakash.kumar@stu.com,prakash.kumar@123,student,Commerce
32,Lavanya S,lavanya.s@stu.com,lavanya.s@123,student,Commerce
33,Sathish R,sathish.r@stu.com,sathish.r@123,student,Commerce
34,Meena M,meena.m@stu.com,meena.m@123,student,Commerce
35,Ajay P,ajay.p@stu.com,ajay.p@123,student,Commerce
36,Sharmila Devi,sharmila.devi@stu.com,sharmila.devi@123,student,Commerce
37,Bharath Krishnan,bharath.krishnan@stu.com,bharath.krishnan@123,student,Commerce
38,Kavya R,kavya.r@stu.com,kavya.r@123,student,Commerce
39,Vijay K,vijay.k@stu.com,vijay.k@123,student,Commerce
40,Janani M,janani.m@stu.com,janani.m@123,student,Commerce
41,Naveen Kumar,naveen.kumar@fac.com,naveen.kumar@fac_77,faculty,Commerce
42,Anitha R,anitha.r@fac.com,anitha.r@fac_77,faculty,Commerce
43,Rahul M,rahul.m@fac.com,rahul.m@fac_77,faculty,Commerce
44,Keerthana Devi,keerthana.devi@fac.com,keerthana.devi@fac_77,faculty,Commerce
45,Dr. Rajesh Kumar,dr.rajesh.kumar@hod.com,dr.rajesh.kumar@hod_55,hod,Commerce
46,Rohit Kumar,rohit.kumar@stu.com,rohit.kumar@123,student,Artificial Intelligence
47,Monika S,monika.s@stu.com,monika.s@123,student,Artificial Intelligence
48,Ashwin R,ashwin.r@stu.com,ashwin.r@123,student,Artificial Intelligence
49,Dhivya M,dhivya.m@stu.com,dhivya.m@123,student,Artificial Intelligence
50,Madhan P,madhan.p@stu.com,madhan.p@123,student,Artificial Intelligence
51,Sowmya Devi,sowmya.devi@stu.com,sowmya.devi@123,student,Artificial Intelligence
52,Ramesh Krishnan,ramesh.krishnan@stu.com,ramesh.krishnan@123,student,Artificial Intelligence
53,Ramya R,ramya.r@stu.com,ramya.r@123,student,Artificial Intelligence
54,Hari K,hari.k@stu.com,hari.k@123,student,Artificial Intelligence
55,Sneha M,sneha.m@stu.com,sneha.m@123,student,Artificial Intelligence
56,Vignesh R,vignesh.r@fac.com,vignesh.r@fac_77,faculty,Artificial Intelligence
57,Swetha K,swetha.k@fac.com,swetha.k@fac_77,faculty,Artificial Intelligence
58,Sanjay P,sanjay.p@fac.com,sanjay.p@fac_77,faculty,Artificial Intelligence
59,Harini Devi,harini.devi@fac.com,harini.devi@fac_77,faculty,Artificial Intelligence
60,Dr. Meena Krishnan,dr.meena.krishnan@hod.com,dr.meena.krishnan@hod_55,hod,Artificial Intelligence
61,Mohan Kumar,mohan.kumar@stu.com,mohan.kumar@123,student,Information Technology
62,Pooja S,pooja.s@stu.com,pooja.s@123,student,Information Technology
63,Suresh R,suresh.r@stu.com,suresh.r@123,student,Information Technology
64,Varsha M,varsha.m@stu.com,varsha.m@123,student,Information Technology
65,Naveena P,naveena.p@stu.com,naveena.p@123,student,Information Technology
66,Kiran Devi,kiran.devi@stu.com,kiran.devi@123,student,Information Technology
67,Abinaya Krishnan,abinaya.krishnan@stu.com,abinaya.krishnan@123,student,Information Technology
68,Dharshan R,dharshan.r@stu.com,dharshan.r@123,student,Information Technology
69,Swathi K,swathi.k@stu.com,swathi.k@123,student,Information Technology
70,Lokesh M,lokesh.m@stu.com,lokesh.m@123,student,Information Technology
71,Dinesh Kumar,dinesh.kumar@fac.com,dinesh.kumar@fac_77,faculty,Information Technology
72,Pavithra S,pavithra.s@fac.com,pavithra.s@fac_77,faculty,Information Technology
73,Manoj Kumar,manoj.kumar@fac.com,manoj.kumar@fac_77,faculty,Information Technology
74,Aishwarya R,aishwarya.r@fac.com,aishwarya.r@fac_77,faculty,Information Technology
75,Dr. Suresh Babu,dr.suresh.babu@hod.com,dr.suresh.babu@hod_55,hod,Information Technology
76,Dr. Ravi Chandran,dr.ravi.chandran@admin.com,dr.ravi.chandran@admin_33,management,Management
77,Kavitha Raj,kavitha.raj@admin.com,kavitha.raj@admin_33,management,Management
